"question_id","chapter","topic","question","A","B","C","D","correct_letter (fill A/B/C/D)"
"265282","Continuity and Differentiability","Differentiability (XII-5.2)","If f(x)=x^{2}+\frac{x^{2}}{1+x^{2}}+\frac{x^{2}}{\left(1+x^{2}\right)^{2}}+\ldots+\frac{x^{2}}{\left(1+x^{2}\right)^{n}}+\ldots then at x = 0, f(x)ṁ","in continuous but not differentiable","is discontinuous","is differentiable","has no limit",""
"1018248","Continuity and Differentiability","Differentiability (XII-5.2)","The set of points where the function f given by |3x - 2| sin x is differentiable is","R - \{\frac 23 \}","R + \{\frac 23 \}","(0, \infty )","R",""
"1023685","Continuity and Differentiability","Differentiability (XII-5.2)","If y = f (\frac {3x + 4}{5x + 6}) and f'(x) = tan x 2 then \frac {dy}{dx} is equal to","tan x 2","f(\frac {3 \tan x^2 + 4}{5 \tan x^2 + 6})","-2 tan (\frac {3x + 4}{5x + 3}) \times \frac 1{(5x + 3)^2}","-2 tan (\frac {3x + 4}{5x + 6}) \times \frac 1{(5x + 6)^2}",""
"1023700","Continuity and Differentiability","Differentiability (XII-5.2)","Let f(x) = \left\{\begin{array}{lr} -1, & -2 \leq x<0 \\ x^{2}-1, & 0<x \leq 2 \end{array}\right. and g(x) = |f(x)| + f(|x|) then the number of points at which g(x) is non-differentiable is","two","at most one point","exactly one point","infinite",""
"1023725","Continuity and Differentiability","Differentiability (XII-5.2)","Let f(x) = x 2 lxl then the set of values, where f(x) is three times differentiable, is","Infinite","2","Definite","3",""
"1023735","Continuity and Differentiability","Differentiability (XII-5.2)","Let f(x) = c^{\frac 32}-\sqrt {x^3 + x^2} then","RHD at x = 0 exists but LHD at x = 0 does not exists","LHD at x = 0 exists but RHD at x = 0 does not exists","RHD at x \neq 0 exists but LHD at x \neq 0 does not exists","f(x) is differentiable at x = 0",""
"1023745","Continuity and Differentiability","Differentiability (XII-5.2)","If f(x) = \frac{\sin 4 \pi\left[\pi^{2} x\right]}{7+[x]^{2}},[\cdot] denotes the greatest integer function, then f(x) is","continuous for all x but f(x) does not exist","discontinuous at some x","(x) exists but f'(x) does not exist for some value of x.","f'(x) exists for all x",""
"1023751","Continuity and Differentiability","Differentiability (XII-5.2)","Find \frac{d y}{d x} of y=\sin (a x+b) .","a. \sin (a x+b)","a. \cos (a x+b)","b. \sin (a x+b)","b \cdot \cos (a x+b)",""
"1023761","Continuity and Differentiability","Differentiability (XII-5.2)","Let f(x) = \begin{cases}x, & x 2\end{cases} then f(x) is","differentiable at x = 1 and x = 2","Not differentiable at x = 1","differentiable at x = 1","differentiable at x = 2",""
"1024018","Continuity and Differentiability","Differentiability (XII-5.2)","f: [-2n, 2a] \rightarrow R is an odd function such that the left hand derivative at x = a is zero and f(x) = f(2a - x) \forall x \in (a, 2a). Then its left hand derivative at x = -a is","0","1","a","does not exist",""
"1024020","Continuity and Differentiability","Differentiability (XII-5.2)","The function f(x) = |x - 3|, x \in K is","is not continuous but differentiable at x = 3","is continuous but not differentiable at x = 3","is continuous and differentiable everywhere","is non continuous and non differentiable everywhere",""
"1141066","Continuity and Differentiability","Differentiability (XII-5.2)","Whenever we define derivative at a point x = c, then at that point \lim _\limits{h \rightarrow 0} \frac{f(c+h)-f(c)}{h}","exists","function is not defined","function is irrational","Does not exist",""
"1141111","Continuity and Differentiability","Differentiability (XII-5.2)","Let f(x) = \left\{\begin{array}{cc} (x-1) \sin \frac{1}{(x-1)} & \text {, if } x \neq 1 \\ 0 & \text {,if } x=1 \end{array}\right. Then, which of the following is true?","f is differentiable at x = 0 but not at x = 1","f is differentiable at x = 0 and at x = 1","f is neither differentiable at x = 0 nor at x = 1","f is differentiable at x = 1 but not at x = 0",""
"1141207","Continuity and Differentiability","Differentiability (XII-5.2)","If y = tan -1 x + cot -1 x + sec -1 x + cosec -1 x, then \frac {dy}{dx} is equal to","1","\pi","\frac{x^2-1}{x^2+1}","0",""
"1141231","Continuity and Differentiability","Differentiability (XII-5.2)","If y = (2 + 3 sin x) (3 - 2 cos x), then the value of \frac{d y}{d x} is","4sinx + 9cosx + 6cos2x","4sinx + 9cosx - 6cos2x","4sinx - 9cosx - 6cos2x","4sinx - 9cosx + 6cos2x",""
"1141258","Continuity and Differentiability","Differentiability (XII-5.2)","The differential coefficient of sin (cos (x 2 )) w.r.t. x is","2xsin(x 2 ) cos(x 2 ) cos x","2xcos(x 2 ) sin(x 2 )","2xsin(x 2 ) cos(x 2 )","-2xsin(x 2 ) cos(cos x 2 )",""
"1141273","Continuity and Differentiability","Differentiability (XII-5.2)","If y = \sqrt{3 x+2}+\frac{1}{\sqrt{2 x^2+4}} , then \frac{d y}{d x} is equal to","\frac{3}{2 \sqrt{3 x+2}}+\frac{2}{\left(2 x^2+4\right)^{\frac 3 2}}","\frac{3}{2 \sqrt{3 x+2}}-\frac{2 x}{\left(2 x^2+4\right)^{\frac 3 2}}","\frac{3}{2 \sqrt{3 x+2}}=\frac{2}{\left(2 x^2+4\right)^{\frac 3 2}}","\frac{3}{2 \sqrt{3 x+2}}+\frac{2 x}{\left(2 x^2+4\right)^{\frac 3 2}}",""
"1141407","Continuity and Differentiability","Differentiability (XII-5.2)","What is the rate of change of \sqrt{x^2+16} w.r.t. x 2 at x = 3?","\frac {1} {15}","\frac 1 5","\frac 1 {10}","\frac 1 {20}",""
"1153202","Continuity and Differentiability","Differentiability (XII-5.2)","If tan \left(\frac{\text x+\mathrm{y}}{\text x-\mathrm{y}}\right) = k, then \frac{\mathrm{dy}}{\mathrm{d} \text x} is equal to","\frac {-\text y}{\text x}","sec 2 \left(\frac{\mathrm{y}}{\mathrm{x}}\right)","\frac {\text y}{\text x}","-sec 2 \left(\frac{\mathrm{y}}{\mathrm{x}}\right)",""
"1153415","Continuity and Differentiability","Differentiability (XII-5.2)","The value of k for which function f(x) = \begin{cases}\text x^2, & \text x \geq 0 \\ \text {kx}, & \text x<0\end{cases} is differentiable at x = 0 is:","any real number","2","0","1",""
"1686035","Continuity and Differentiability","Differentiability (XII-5.2)","Let f: R \rightarrow R be a function defined by: f(x)= \begin{cases}\max _{t \leq x}\left\{t^{3}-3 t\right\} & ; x \leq 2 \\ x^{2}+2 x-6 & ; 2 \lt x \leq 3 \\ {[x-3]+9} & ; 3 \lt x \leq 5 \\ 2 x+1 & ; x \gt 5\end{cases} where [ t ] is the greatest integer less than or equal to t . Let m be the number of points where f is not differentiable and I=\int_{-2}^{2} f(x) d x . Then the ordered pair ( m, I ) is equal to:","\left(4, \frac{23}{4}\right)","\left(3, \frac{23}{4}\right)","\left(4, \frac{27}{4}\right)","\left(3, \frac{27}{4}\right)",""
"1686943","Continuity and Differentiability","Differentiability (XII-5.2)","For the differentiable function f: {R}-\{0\} \rightarrow {R} . Let 3 f(x)+2 f\left(\frac{1}{x}\right)=\frac{1}{x}-10 , then \left|f(3)+f^{\prime}\left(\frac{1}{4}\right)\right| is equal to","13","\frac{29}{5}","7","\frac{33}{5}",""
"19515","Probability","Conditional Probability (XII-13.1)","A box contains 100 tickets numbered 1, 2, 3,........,100. Two tickets are chosen at random. If it is given that Maximum number on the two chosen tickets is not more than 10, then the probability that the minimum number on them is not less than 5 is,","\frac{2}{3}","\frac{2}{5}","\frac{3}{5}","\frac{1}{3}",""
"230777","Probability","Conditional Probability (XII-13.1)","Assume that each born child is equally likely to be a boy or a girl. If two families have two children each, then the conditional probability that all children are girls given that at least two are girls; is","\frac{1}{10}","\frac{1}{17}","\frac{1}{11}","\frac{1}{12}",""
"230789","Probability","Conditional Probability (XII-13.1)","Let A and B be two non-null events such that A \subset B . Then, which of the following statements is always correct.","P(A/B) = 1","P(A/B) \leq P(A)","P(A/B) = P(B) - P(A)","P(A/B) \ge P{A)",""
"230796","Probability","Conditional Probability (XII-13.1)","Two integers are selected at random from the set {1, 2, .... , 11}. Given that the sum of selected numbers is even, the conditional probability that both the numbers are even is","\frac{2}{5}","\frac{1}{2}","\frac{7}{10}","\frac{3}{5}",""
"230832","Probability","Conditional Probability (XII-13.1)","One Indian and four American men and their wives are to be seated randomly around a circular table. Then, the conditional probability that Indian man is seated adjacent to his wife given that each American man is seated adjacent to his wife, is","\frac{1}{2}","\frac{1}{3}","\frac{2}{5}","\frac{1}{5}",""
"230868","Probability","Conditional Probability (XII-13.1)","If A and B are two independent events such that P(A) > 0, and P(B) \ne 1. then P(\bar{A} / \bar{B}) is equal to","\frac{1-P(A \cup B)}{P(B)}","\frac{P(\bar{A})}{P(\bar{B})}","1-P(A / \bar{B})","1 - P(A/B)",""
"260362","Probability","Conditional Probability (XII-13.1)","Let A and B be two events. If P (A) = 0.2, P (B) = 0.4, P (A B) = 0.6, then P (A|B) is equal to","0.5","0","0.8","0.3",""
"260364","Probability","Conditional Probability (XII-13.1)","Let A and B be two events such that P(A) = 0.6, P(B) = 0.2, and P(A | B) = 0.5. Then P (A |B ) equals","\frac{3}{8}","\frac{6}{7}","\frac{3}{10}","\frac{1}{10}",""
"260559","Probability","Conditional Probability (XII-13.1)","If P(A) = \frac{4}{5} , and P(A \cap B) = \frac{7}{10} then P(B|A) is equal to","\frac{1}{10}","\frac{7}{8}","\frac{17}{20}","\frac{1}{8}",""
"260561","Probability","Conditional Probability (XII-13.1)","If \mathrm{P}(\mathrm{A} \cap \mathrm{B})=\frac{7}{10} and P(B) = \frac{17}{20} , then P(\frac {A} {B}) equals","\frac{17}{20}","\frac{14}{17}","\frac{7}{8}","\frac{1}{8}",""
"260565","Probability","Conditional Probability (XII-13.1)","If P(A)=\frac{3}{10}, P(B)=\frac{2}{5} and P(A \cup B)=\frac{3}{5} , then P(B / A)+P(A / B) equals","\frac{1}{3}","\frac{5}{12}","\frac{1}{4}","\frac{7}{12}",""
"260568","Probability","Conditional Probability (XII-13.1)","If P(A) = \frac{2}{5} , P(B) = \frac{3}{10} and P(A \cap B)=\frac{1}{5} , then P\left(\frac{A^{\prime}}{B^{\prime}}\right) \cdot P\left(\frac{B^{\prime}}{A^{\prime}}\right) is equal to","\frac{5}{7}","\frac{25}{42}","\frac{5}{6}","1",""
"260572","Probability","Conditional Probability (XII-13.1)","If A and B are two events such that P(A) = \frac{1}{2} , P(B) = \frac{1}{3} , P(\frac {A}{ B})=\frac{1}{4} then \mathrm{P}\left(\mathrm{A}^{\prime} \cap \mathrm{B'}\right) equals","\frac{1}{12}","\frac{3}{4}","\frac{3}{16}","\frac{1}{4}",""
"260577","Probability","Conditional Probability (XII-13.1)","If P(A) = 0.4, P(B) = 0.8 and P(B | A) = 0.6, then P(A B) is equal to","0.48","0.96","0.24","0.3",""
"260581","Probability","Conditional Probability (XII-13.1)","If P(B) = \frac{3}{5} , P(\frac {A}{ B})=\frac{1}{2} and P(A \cup B)=\frac{4}{5} , then P(A \cup B) + P(A \cup B) =","\frac{4}{5}","1","\frac{1}{5}","\frac{1}{2}",""
"260583","Probability","Conditional Probability (XII-13.1)","If it is given that A and B are two events such that P(B) = \frac{3}{5} , P(\frac {A}{ B})=\frac{1}{2} and P(A \cup B)=\frac{4}{5} , P\left(B | A^{\prime}\right) is equal to","\frac{3}{10}","\frac{3}{5}","\frac{1}{5}","\frac{1}{2}",""
"260627","Probability","Conditional Probability (XII-13.1)","Let \mathrm{P}(\mathrm{A})=\frac{7}{13} , P(B)=\frac{9}{13} and \mathrm{P}(\mathrm{A} \cap \mathrm{B})=\frac{4}{13} . Then P\left(\frac{A^{\prime}}{B}\right) is equal to","\frac{5}{9}","\frac{4}{13}","\frac{6}{13}","\frac{4}{9}",""
"260629","Probability","Conditional Probability (XII-13.1)","If A and B are such events that P(A) > 0 and P(B) \ne 1, then P(A'/B') equals.","1-P(A' / B)","1-P(A / B)","\frac{1-\mathrm{P}(\mathrm{A} \cup \mathrm{B})}{\mathrm{P}(\mathrm{B'})}","P\left(A^{\prime}\right) / P\left(B^{\prime}\right)",""
"260630","Probability","Conditional Probability (XII-13.1)","If A and B are two independent events with \mathrm{P}(\mathrm{A})=\frac{3}{5} and P(B)=\frac{4}{9} , then \mathrm{P}\left(\mathrm{A}^{\prime} \cap \mathrm{B'}\right) equals","\frac{1}{3}","\frac{2}{9}","\frac{8}{45}","\frac{4}{15}",""
"260634","Probability","Conditional Probability (XII-13.1)","Let A and B be two events such that P(A) = \frac{3}{8} , P(B) = \frac{5}{8} and \mathrm{P}(\mathrm{A} \cup \mathrm{B})=\frac{3}{4} . Then P(A | B) \cdot P\left(A^{\prime} / B\right) is equal to","\frac{2}{5}","\frac{3}{8}","\frac{6}{25}","\frac{3}{10}",""
"260642","Probability","Conditional Probability (XII-13.1)","Assume that in a family, each child is equally likely to be a boy or a girl. A family with three children is chosen at random. The probability that the eldest child is a girl given that the family has at least one girl is","\frac{2}{3}","\frac{4}{7}","\frac{1}{2}","\frac{1}{3}",""
"260643","Probability","Conditional Probability (XII-13.1)","A die is thrown and a card is selected at random from a deck of 52 playing cards. The probability of getting an even number on the die and a spade card is","\frac{1}{8}","\frac{1}{4}","\frac{3}{4}","\frac{1}{2}",""
"260657","Probability","Conditional Probability (XII-13.1)","In a college 30% students fail in physics, 25% fail in mathematics and 10% fail in both. One student is chosen at random. The probability that she fails in physics if she has failed in mathematics is","\frac{2}{5}","\frac{1}{3}","\frac{1}{10}","\frac{9}{20}",""
"260670","Probability","Conditional Probability (XII-13.1)","You are given that A and B are two events such that P(B) = \frac{3}{5} , P(A | B) = \frac{1}{2} and P(A B) = \frac{4}{5} , then P(A) equals","\frac{3}{10}","\frac{1}{5}","\frac{3}{5}","\frac{1}{2}",""
"260703","Probability","Conditional Probability (XII-13.1)","If A and B are two events and A \neq \phi, B \neq \phi , then","P(\frac {A}{B})= \frac {P(A) }{ P(B)}","P(\frac {A} { B})=\frac{P(A \cap B)}{P(B)}","P(\frac {A}{ B})=P(A) \cdot P(B)","P(\frac {A}{B}) P(\frac {B}{A}) = 1",""
"265050","Probability","Conditional Probability (XII-13.1)","If A and B are two events such that P(A)=\frac{4}{5} , and P(A \cap B)=\frac{7}{10} , then P (B / A) =","\frac1 {10}","\frac7 8","\frac1 8","\frac{17 }{ 20}",""
"268424","Probability","Conditional Probability (XII-13.1)","If A and B are two independent events such that P(A) = 0.3, P(A \cup B) = 0.5, then P(A / B) - P(B / A) =","\frac{1}{70}","\frac{2}{7}","\frac{1}{7}","\frac{3}{35}",""
"270094","Probability","Conditional Probability (XII-13.1)","If P(A)=\frac{1}{4}, P(B)=\frac{1}{3} and P(A \cap B)=\frac{1}{5} , then P(\bar{B} / \bar{A}) = ?","\frac{11}{15}","\frac{11}{45}","\frac{37}{60}","\frac{37}{45}",""
"270095","Probability","Conditional Probability (XII-13.1)","If A and B are events such that P(A) = 0.4, P(B) = 0.8 and P(B/A) = 0.6, then P(A/B) = ?","0.3","0.4","0.5","0.2",""
"270096","Probability","Conditional Probability (XII-13.1)","If A and B are independent events, then P(\bar{A} / \bar{B}) = ?","-P( \overline A / B)","1 - P(A)","1 - P(B)","1 - P(A / \overline B )",""
"270098","Probability","Conditional Probability (XII-13.1)","A die is thrown twice and the sum of the numbers appearing is observed to be 7. What is the conditional probability that the number 2 has appeared at least once?","\frac{1}{6}","\frac{3}{5}","\frac{1}{3}","\frac{2}{7}",""
"270101","Probability","Conditional Probability (XII-13.1)","In a class, 60% of the students read mathematics, 25% biology and 15% both mathematics and biology. One student is selected at random. What is the probability that he reads mathematics, if it is known that he reads biology?","\frac{3}{5}","\frac{5}{8}","\frac{3}{8}","\frac{2}{5}",""
"270102","Probability","Conditional Probability (XII-13.1)","A couple has 2 children. What is the probability that both are boys, if it is known that one of them is a boy?","\frac{3}{4}","\frac{1}{3}","\frac{2}{3}","\frac{1}{4}",""
"270103","Probability","Conditional Probability (XII-13.1)","An unbiased die is tossed twice. What is the probability of getting a 4, 5 or 6 on the first toss and a 1, 2, 3 or 4 on the second toss?","\frac{5}{6}","\frac{2}{3}","\frac{1}{3}","\frac{3}{4}",""
"495466","Probability","Conditional Probability (XII-13.1)","Suppose A and B are two events. Event B has occurred and it is known that P(B) < 1. What is P(A/B') equal to?","\frac{P(A)-P(B)}{1-P(B)}","\frac{P(A)+P\left(AB^{\prime}\right)}{1-P(B)}","\frac{P(A)+P\left(B^{\prime}\right)}{1-P(B)}","\frac{P(A)-P(A B)}{1-P(B)}",""
"495507","Probability","Conditional Probability (XII-13.1)","If A \subseteq B, then which one of the following is not correct?","P(A/B) = \frac{P(A)}{P(B)}","P(A \cap \bar{B} ) = 0","P(B/A) = \frac{P(B)}{P(A)}","P(A/(A \cup B)) = \frac{P(A)}{P(B)}",""
"495534","Probability","Conditional Probability (XII-13.1)","Two events A and B are such that P (not B) = 0.8, P (A \cup B) = 0.5 and P (A/B) = 0.4. Then, P(A) is equal to","0.28","0.42","0.38","0.32",""
"495553","Probability","Conditional Probability (XII-13.1)","For two mutually exclusive events A and B, P(A) = 0.2 and P (\bar{A} \cap B) = 0.3. What is P(A|(A \cup B)) equal to?","\frac{1}{2}","\frac{2}{7}","\frac{2}{5}","\frac{2}{3}",""
"511141","Probability","Conditional Probability (XII-13.1)","If two events A and B are such that P(A c ) = 0.3, P(B) = 0.4 and P(AB c ) = 0.5, then P (\frac {B}{A \cup B^C}) equals:","0.25","0.8","0.5","0.2",""
"511477","Probability","Conditional Probability (XII-13.1)","If at least one child in a family with 3 children is a boy then the probability that exactly 2 of the children are boys, is:","\frac {1}{3}","\frac {4}{7}","\frac {3}{7}","\frac {3}{8}",""
"523647","Probability","Conditional Probability (XII-13.1)","Each of the three fair coins has been painted on its two sides. The first coin is red on one side and blue on the other. The second coin is blue on one side and green on the other. The third coin is green on one side and red on the other. If the three coins are tossed in the air, the probability that the coins show up three different colours is:","\frac {4}{8}","\frac {3}{8}","\frac {5}{8}","\frac {2}{8}",""
"524300","Probability","Conditional Probability (XII-13.1)","From a group of 10 men and 5 women, four-member committees are to be formed each of which must contain at least one woman. Then the probability for these committees to have more women than men, is:","\frac{1}{11}","\frac{2}{23}","\frac{21}{220}","\frac{3}{11}",""
"524494","Probability","Conditional Probability (XII-13.1)","A die is thrown two times and the sum of the scores appearing on the die is observed to be a multiple of 4. Then the conditional probability that the score 4 has appeared at least once is:","\frac{1}{9}","\frac{1}{4}","\frac{1}{8}","\frac{1}{3}",""
"536132","Probability","Conditional Probability (XII-13.1)","It is given that the events A and B are such that P(A) = \frac{1}{4} , P(A|B) = \frac{1}{2} and P(B|A) = \frac{2}{3} . Then, P(B) is:","\frac{1}{3}","\frac{1}{6}","\frac{2}{3}","\frac{1}{2}",""
"536133","Probability","Conditional Probability (XII-13.1)","Ram is visiting a friend. Ram knows that his friend has 2 children and 1 of them is a boy. Assuming that a child is equally likely to be a boy or a girl, then the probability that the other child is a girl, is:","\frac{1}{3}","\frac{2}{3}","\frac{7}{10}","\frac{1}{2}",""
"536135","Probability","Conditional Probability (XII-13.1)","A coin is tossed three times in succession. If E is the event that there are at least two heads and F is the event in which first toss is a head, then P (E|F) =","\frac{3}{4}","\frac{1}{2}","\frac{3}{8}","\frac{1}{8}",""
"536145","Probability","Conditional Probability (XII-13.1)","The probability of choosing an integer k, randomly from the integers 1, 2, 3, ..., 2n is proportional to log k. The conditional probability of choosing integer 2, given that an even integer is chosen, is:","\frac{\log n}{n \log 2+\log (n !)}","\frac{\log 2}{\log 2+\log (n !)}","\frac{1}{\log (n !)}","\frac{\log 2}{n \log 2+\log (n !)}",""
"536146","Probability","Conditional Probability (XII-13.1)","Let n \in N. A box contains non-congruent triangular pieces with integer side lengths from n + 1 to 2n inclusive. A piece is taken out, given that it has two equal sides, the probability that the triangle is an equilateral triangle is:","\frac{1}{n}","\frac{n^{2}}{{ }^{n+2} \mathrm{C}_{3}}","\frac{n}{{ }^{n+2} \mathrm{C}_{3}}","\frac{1}{n^{2}}",""
"1058426","Probability","Conditional Probability (XII-13.1)","Let M be the maximum value of the product of two positive integers when their sum is 66. Let the sample space S = {x \in Z : x(66 - x) \geq \frac 59 M} and the event A = {x \in S : x is a multiple of 3}. Then P(A) is equal to","\frac {15}{44}","\frac 15","\frac {7}{22}","\frac 13",""
"1059480","Probability","Conditional Probability (XII-13.1)","Let A and b be two events such that P( \frac BA ) = \frac25 , P( \frac A B ) = \frac{1}{7} and P(A \cap B)=\frac{1}{9} . Consider (S 1): \mathrm{P}(A \cup B)=\frac{5}{6} (S 2): \mathrm{P}(A \cap B)=\frac{1}{18}","Only (S1) is true","Both (S1) and (S2) are false","Only (S2) is true","Both (S1) and (S2) are true",""
"1059688","Probability","Conditional Probability (XII-13.1)","Let A and B be two non-null events such that A \subset B . Then, which of the following statements is always correct?","P(A|B) = P(B) - P(A)","P(A|B) \leq P(A)","P(A|B) \geq P(A)","P(A|B) = 1",""
"1059748","Probability","Conditional Probability (XII-13.1)","Consider three sets E 1 = {1, 2, 3}, F 1 = {1, 3, 4} and G 1 = {2, 3, 4, 5}. Two elements are chosen at random, without replacement, from the set E 1 , and let S 1 denote the set of these chosen elements. Let E 2 = E 1 - S 1 and F 2 = F 1 \cup S 1 . Now two elements are chosen at random, without replacement, from the set F 2 and let S 2 denote the set of these chosen elements. Let G 2 = G 1 \cup S 2 . Finally, two elements are chosen at random, without replacement, from the set G 2 and let S 3 denote the set of these chosen elements. Let E 3 = E 2 \cup S 3 . Given that E 1 = E 3 , let p be the conditional probability of the event S 1 = {1, 2}. Then the value of p is","\frac25","\frac15","\frac12","\frac35",""
"1686165","Probability","Conditional Probability (XII-13.1)","A pack of cards has one card missing. Two cards are drawn randomly and are found to be spades. The probability that the missing card is not a spade, is:","\frac{22}{425}","\frac{52}{867}","\frac{3}{4}","\frac{39}{50}",""
"1686310","Probability","Conditional Probability (XII-13.1)","The mean of 6 distinct observations is 6.5 and their variance is 10.25. If 4 out of 6 observations are 2,4,5 and 7, then the remaining two observations are:","8, 13","3, 18","1, 20","10, 11",""
"19446","Probability","Multiplication Theorem on Probability (XII-13.2)","A drawer contains 5 brown socks and 4 blue socks well mixed. A man reaches the drawer and pulls out socks at random. What is the probability that they match?","\frac{5}{8}","\frac{5}{9}","\frac{4}{9}","\frac{7}{12}",""
"19473","Probability","Multiplication Theorem on Probability (XII-13.2)","The letters of the word ORIENTAL are arranged in all possible ways. The chance that the consonants and vowels occur alternately is","\frac{1}{35}","\frac{2}{35}","\frac{3}{35}","\frac{1}{70}",""
"19477","Probability","Multiplication Theorem on Probability (XII-13.2)","If {E_1} and {E_2} are two independent events, then P \left( {{E_1} \cap {E_2}} \right) is equal to","P\left( {{E_1})+\;P\;({E_2}} \right)","P\left( {{E_1})P({E_2}} \right)","P\left( {{E_1}) + P({E_2}} \right) + P({E_1} + \cup {E_2})","P\left( {{E_1})-\;P\;({E_2}} \right)",""
"19480","Probability","Multiplication Theorem on Probability (XII-13.2)","If the probability for A to fail in an examination is 0.2 and that for B is 0.3, then the probability that either A fails or B fails is","0.06","0.5","0.08","0.44",""
"19487","Probability","Multiplication Theorem on Probability (XII-13.2)","The probability that a man will live for 10 more years is \frac 14 and that his wife will live 10 more years is \frac 13 . The probability that neither will be alive in 10 years is","\frac {5} {12}","\frac {7}{12}","\frac 12","\frac {11}{12}",""
"19501","Probability","Multiplication Theorem on Probability (XII-13.2)","A coin is tossed 6 times. The probability of getting a head three times is","\frac{5}{16}","\frac{3}{64}","\frac{1}{2}","\frac{1}{ 8}",""
"19506","Probability","Multiplication Theorem on Probability (XII-13.2)","From each of the four married couples, one of the partners is selected at random. The probability that those selected are of the same sex is","\frac{1}{2}","\frac{1}{8}","\frac{1}{16}","\frac{1}{4}",""
"19508","Probability","Multiplication Theorem on Probability (XII-13.2)","The letters of the word PROBABILITY are arranged in all possible ways. The chance that two B s and also two I s occur together is","\frac{2}{165}","\frac{2} {55}","\frac{1}{55}","\frac{4} {165}",""
"19511","Probability","Multiplication Theorem on Probability (XII-13.2)","A five digit number is formed by the digits 1, 2, 3, 4, 5, 6 and 8. The probability that the number has even digit at both ends is","\frac{1}{3}","\frac {2}{7}","\frac{2}{9}","\frac{1}{5}",""
"230643","Probability","Multiplication Theorem on Probability (XII-13.2)","In a random experiment, a fair die is rolled until two fours are obtained in succession. The probability that the experiment will end in the fifth throw of the die is equal to","\frac{150}{6^{5}}","\frac{200}{6^{5}}","\frac{175}{6^{5}}","\frac{225}{6^{5}}",""
"230839","Probability","Multiplication Theorem on Probability (XII-13.2)","There are four machines and it is known that exactly two of them are faulty. They are tested, one by one, in a random order till both the faulty machines are identified. Then, the probability that only two tests are needed, is","\frac{1}{6}","\frac{1}{4}","\frac{1}{2}","\frac{1}{3}",""
"230852","Probability","Multiplication Theorem on Probability (XII-13.2)","Two cards are drawn successively with replacement from a pack of 52 cards. The probability of drawing two aces is","\frac{4}{663}","\frac{1}{169}","\frac{1}{2652}","\frac{1}{221}",""
"230875","Probability","Multiplication Theorem on Probability (XII-13.2)","A pot contains 5 red and 2 green balls. At random a ball is drawn from this pot. If a drawn ball is green then put a red ball in the pot and if a drawn ball is red, then put a green ball in the pot, while the drawn ball is not replaced in the pot. Now we draw another ball randomly, the probability of the second ball to be red is","\frac{32}{49}","\frac{27}{49}","\frac{21}{49}","\frac{26}{49}",""
"230877","Probability","Multiplication Theorem on Probability (XII-13.2)","A bag contains 4 red and 6 black balls. A ball is drawn at random from the bag, its colour is observed and this ball along with two additional balls of the same colour are returned to the bag. If now a ball is drawn at random from the bag, then the probability that this drawn ball is red, is","\frac{3}{4}","\frac{1}{5}","\frac{2}{5}","\frac{3}{10}",""
"260639","Probability","Multiplication Theorem on Probability (XII-13.2)","A bag contains 5 red and 3 blue balls. If 3 balls are drawn at random without replacement the probability of getting exactly one red ball is","\frac{15}{56}","\frac{135}{392}","\frac{45}{196}","\frac{15}{29}",""
"260640","Probability","Multiplication Theorem on Probability (XII-13.2)","A bag contains 5 red and 3 blue balls. If 3 balls are drawn at random without replacement the the probability that exactly two of the three balls were red, the first ball being red, is","\frac{4}{7}","\frac{1}{3}","\frac{5}{28}","\frac{15}{28}",""
"260644","Probability","Multiplication Theorem on Probability (XII-13.2)","A box contains 3 orange balls, 3 green balls and 2 blue balls. Three balls are drawn at random from the box without replacement. The probability of drawing 2 green balls and one blue ball is","\frac{1}{28}","\frac{2}{21}","\frac{3}{28}","\frac{167}{168}",""
"260645","Probability","Multiplication Theorem on Probability (XII-13.2)","A flashlight has 8 batteries out of which 3 are dead. If two batteries are selected without replacement and tested, the probability that both are dead is","\frac{33}{56}","\frac{9}{64}","\frac{3}{28}","\frac{1}{14}",""
"260650","Probability","Multiplication Theorem on Probability (XII-13.2)","Two cards are drawn from a well shuffled deck of 52 playing cards with replacement. The probability, that both cards are queens, is","\frac{1}{13} \times \frac{1}{13}","\frac{1}{13} \times \frac{4}{51}","\frac{1}{13} \times \frac{1}{17}","\frac{1}{13}+\frac{1}{13}",""
"264793","Probability","Multiplication Theorem on Probability (XII-13.2)","If one ball is drawn at random from each of three boxes containing 3 white and 1 black, 2 white and 2 black, 1 white and 3 black balls, then the probability that 2 white and 1 black balls will be drawn is","\frac{1}{32}","\frac{13}{32}","\frac{1}{4}","\frac{3}{16}",""
"511071","Probability","Multiplication Theorem on Probability (XII-13.2)","Two cards are drawn from a well shuffled pack of 52 playing cards one by one without replacement. If: A : the event that the second card drawn is an ace and B : the event that the first card drawn is an ace card, then which of the following is true?","P(A) = \frac{16}{221} ; P(B) = \frac{4}{51}","P(A) = \frac{1}{13} ; P(B) = \frac{1}{17}","P(A) = \frac{4}{17} ; P (B) = \frac{1}{13}","P(A) = \frac{1}{13} ; P(B) = \frac{1}{13}",""
"511105","Probability","Multiplication Theorem on Probability (XII-13.2)","Before a race, the chances of three runners A, B and C were estimated to be proportional to 5 : 3 : 2, but during the race, A meets with an accident which reduces his chance to \frac {1}{3} . The respective choices of B and C now winning are:","\frac{3}{10}, \frac{2}{10}","\frac{3}{5}, \frac{2}{5}","\frac{2}{5}, \frac{4}{15}","\frac{7}{15}, \frac{2}{15}",""
"523644","Probability","Multiplication Theorem on Probability (XII-13.2)","A taxi was involved in a hit-and-run accident at night. There are two taxi companies in the city, namely Black Taxis and White Taxis. It is known that 85% of the taxis in the city are Black and 15% are White. There was a witness to the accident and according to the witness, the taxi involved in the accident was White. Further investigation of the reliability of the witness showed that, the witness was able to identify correctly the colour of a taxi, 80% of the time. The probability that the taxi involved was Black, is:","\frac{12}{29}","\frac{17}{29}","\frac{14}{29}","\frac{15}{29}",""
"529408","Probability","Multiplication Theorem on Probability (XII-13.2)","I alternately toss a fair coin and a fair die, until I, either toss head or throw the face two. If I toss the coin first, the probability that I throw the face two before I toss head, is:","\frac {1}{7}","\frac {5}{7}","\frac {5}{12}","\frac {7}{12}",""
"1058416","Probability","Multiplication Theorem on Probability (XII-13.2)","Let S = {w 1 , w 2 ,...} be the sample space associated to a random experiment. Let P(w n ) = \frac{\text P\left(\text w_{\text n-1}\right)}{2} , n \geq 2. Let A = {2k + 3 \ell ; k, \ell \in N} and n B = {w n ; n \in A}. Then P(B) is equal to","\frac {1}{32}","\frac {1}{16}","\frac {3}{32}","\frac {3}{64}",""
"1059382","Probability","Multiplication Theorem on Probability (XII-13.2)","A bag contains 6 balls. Two balls are drawn from it at random and both are found to be black. The probability that the bag contains at least 5 black balls is","\frac37","\frac27","\frac56","\frac57",""
"19483","Probability","Independent Events (XII-13.2)","Let A and B be two independent events. The probability that both A and B occur is \frac {1}{12} and the probability that neither A nor B occurs is \frac 12 . The respective probabilities of A and B are","none of thse","\frac 1 6 and \frac 1 2","\frac{1}{3} and \frac{1}{4} or \frac{1}{4} and \frac{1}{3}","\frac 12 and \frac{1}{6}",""
"19485","Probability","Independent Events (XII-13.2)","India plays two matches each with West Indies and Australia. In any match the probabilities of India getting points 0, 1 and 2 are 0.45, 0.5 and 0.5 respectively. Assuming that the outcomes are independent, the probability of India getting atleast 7 points is","\frac {1}{16}","0.8750","0.525","0.1125",""
"19509","Probability","Independent Events (XII-13.2)","Two persons A and B appear in an interview for two vacancies. If the probabilities of their selection are \frac 14 and \frac 16 respectively, then the probability that none of them is selected is","\frac 5 8","\frac {5}{12}","\frac {1}{24}","\frac {19}{12}",""
"230752","Probability","Independent Events (XII-13.2)","If E and F are events with P(E) \leq P(F) and P(E \cap F)>0 , then which one is not correct?","non-occurrence of E \Rightarrow non-occurrence of F","non-occurrence of E \Rightarrow occurrence of F","occurrence of E \Rightarrow occurrence of F","occurrence of F \Rightarrow occurrence of E",""
"230781","Probability","Independent Events (XII-13.2)","Four persons can hit a target correctly with probabilities \frac{1}{2}, \frac{1}{3}, \frac{1}{4} and \frac{1}{8} respectively. If all hit at the target independently, then the probability that the target would be hit, is","\frac{25}{192}","\frac{25}{32}","\frac{7}{32}","\frac{1}{192}",""
"230800","Probability","Independent Events (XII-13.2)","An unbiased coin is tossed. If the outcome is a head, then a pair of unbiased dice is rolled and the sum of the numbers obtained on them is noted. If the toss of the coin results in tail, then a card from a well-shuffled pack of nine cards numbered 1, 2, 3, ..., 9 is randomly picked and the number on the card is noted. The probability that the noted number is either 7 or 8 is","\frac{13}{36}","\frac{19}{36}","\frac{19}{72}","\frac{15}{72}",""
"230806","Probability","Independent Events (XII-13.2)","Let two fair six-faced dice A and B be thrown simultaneously. If E 1 is the event that die A shows up four, E 2 is the event that die B shows up two and E 3 is the event that the sum of numbers on both dice is odd, then which of the following statements is not true?","E 1 and E 3 are independent","E 2 and E 3 are independent","E 1 , E 2 and E 3 are independent","E 1 and E 2 are independent",""
"230817","Probability","Independent Events (XII-13.2)","Let A and B be two events such that P(\overline{A \cup B})=\frac{1}{6} , P(A \cap B)=\frac{1}{4} and P(\bar{A})=\frac{1}{4} , where \bar{A} stands for the complement of the event A. Then, the events A and B are","mutually exclusive and independent","independent and equally likely","equally likely but not independent","independent but not equally likely",""
"230820","Probability","Independent Events (XII-13.2)","Four persons independently solve a certain problem correctly with probabilities \frac{1}{2}, \frac{3}{4}, \frac{1}{4}, \frac{1}{8} . Then, the probability that the problem is solved correctly by atleast one of them, is","\frac{3}{256}","\frac{253}{256}","\frac{235}{256}","\frac{21}{256}",""
"230825","Probability","Independent Events (XII-13.2)","An experiment has 10 equally likely outcomes. Let A and B be two non-empty events of the experiment. If A consists of 4 outcomes, then the number of outcomes that B must have, so that A and B are independent, is","5 or 10","2, 4 or 8","4 or 8","3, 6 or 9",""
"230829","Probability","Independent Events (XII-13.2)","Let E c denotes the complement of an event E. If E, F, G are pairwise independent events with P (G) > 0 and P(E \cap F \cap G)=0 . Then, P\left(E^{c} \cap F^{c} | G\right) equals","P(E c ) - P(F c )","P(E) - P(F c )","P(E c ) - P(F)","P(E c ) + P(F c )",""
"230837","Probability","Independent Events (XII-13.2)","A fair die is rolled. The probability that the first time 1 occurs at the even throw, is","6/11","1/6","5/36","5/11",""
"230845","Probability","Independent Events (XII-13.2)","A fair coin is tossed repeatedly. If tail appears on first four tosses, then the probability of head appearing on fifth toss equals","\frac{1}{2}","\frac{1}{5}","\frac{31}{32}","\frac{1}{32}",""
"230847","Probability","Independent Events (XII-13.2)","If from each of the three boxes containing 3 white and 1 black, 2 white and 2 black, 1 white and 3 black balls, one ball is drawn at random, then the probability that 2 white and 1 black balls will be drawn, is","\frac{13}{32}","\frac{3}{16}","\frac{1}{4}","\frac{1}{32}",""
"230873","Probability","Independent Events (XII-13.2)","The probability that an event A happens in one trial of an experiment, is 0.4. Three independent trials of the experiments are performed. The probability that event A happens at least once, is","0.904","0.784","0.804","0.936",""
"260368","Probability","Independent Events (XII-13.2)","If A and B are independent events such that 0 < P (A) < 1 and 0 < P (B) < 1, then which of the following is not correct?","A and B are mutually exclusive","A and B are independent","A and B are independent","A and B are independent",""
"260631","Probability","Independent Events (XII-13.2)","If two events are independent, then","None of these","they must be mutually exclusive and the sum of their probabilities must be equal to 1 both are correct","they must be mutually exclusive","the sum of their probabilities must be equal to 1",""
"260636","Probability","Independent Events (XII-13.2)","If the events A and B are independent, then P(A \cap B) is equal to","P(A) / P(B)","P(A) .P(B)","P(A) P(B)","P(A) + P(B)",""
"260658","Probability","Independent Events (XII-13.2)","A and B are two students. Their chances of solving a problem correctly are \frac{1}{3} and \frac{1}{4} , respectively. If the probability of their making a common error is, \frac{1}{20} and they obtain the same answer, then the probability of their answer to be correct is","\frac{1}{12}","\frac{13}{120}","\frac{10}{13}","\frac{1}{40}",""
"264818","Probability","Independent Events (XII-13.2)","The probabilities of a student getting I, II and III division in an examination are \frac{1}{10}, \frac{3}{5} and \frac{1}{4} respectively. The probability that the student fails in the examination is","\frac{27}{100}","\frac{197}{200}","\frac{83}{100}","\frac{63}{100}",""
"264829","Probability","Independent Events (XII-13.2)","India play two matches each with West Indies and Australia. In any match the probabilities of India getting 0,1 and 2 points are 0.45, 0.05 and 0.50 respectively. Assuming that the outcomes are independent, the probability of India getting at least 7 points is","\frac1 {8}","0.1125","0.0875","\frac1 {16}",""
"264836","Probability","Independent Events (XII-13.2)","Three faces of an ordinary dice are yellow, two faces are red and one face is blue. The dice is rolled 3 times. The probability that yellow red and blue face appear in the first ,second and third throws respectively, is","\frac{1}{6}","\frac{1}{36}","\frac{1}{30}","\frac{1}{27}",""
"268595","Probability","Independent Events (XII-13.2)","A biased coin with probability p, 0 < p < 1, of heads is tossed until a head appears for the first time. If the probability that the number of tosses required is even is 2/5, then p equals","\frac {2}{5}","\frac {2}{3}","\frac {1}{3}","\frac {3}{5}",""
"268603","Probability","Independent Events (XII-13.2)","A five-digit number is written down at random. The probability that the number is divisible by 5 and no two consecutive digits are identical, is","\left(\frac{3}{5}\right)^{4}","\frac{1}{5}\left(\frac{9}{10}\right)^{3}","None of these","\frac{1}{5}",""
"270084","Probability","Independent Events (XII-13.2)","If A and B are independent events such that P(A) = 0.4, P(B) = x and P(A \cup B ) = 0.5, then x = ?","\frac{4}{5}","\frac{1}{8}","0.1","\frac{1}{6}",""
"270085","Probability","Independent Events (XII-13.2)","If A and B are events such that P(A)=\frac{1}{2}, P(B)=\frac{7}{12} and P\left(A^{\prime} \cup B^{\prime}\right)=\frac{1}{4} , then A and B are","Independent and mutually exclusive","Independent","Mutually exclusive","None of these",""
"270087","Probability","Independent Events (XII-13.2)","It is given that the probability that A can solve a given problem is \frac{3}{5} and the probability that B can solve the same problem is \frac{2}{3} . The probability that at least one of A and B can solve a problem is","\frac{2}{15}","\frac{13}{15}","\frac{2}{5}","\frac{1}{15}",""
"270088","Probability","Independent Events (XII-13.2)","The probabilities of A, B and C of solving a problem are \frac{1}{6}, \frac{1}{5} and \frac{1}{3} respectively. What is the probability that the problem is solved?","\frac{1}{3}","\frac{4}{9}","\frac{5}{9}","\frac{1}{7}",""
"270089","Probability","Independent Events (XII-13.2)","A can hit a target 4 times in 5 shots, B can hit 3 times in 4 shots, and C can hit 2 times in 3 shots. The probability that B and C hit and A does not hit is","\frac{5}{12}","\frac{2}{5}","\frac{7}{12}","\frac{1}{10}",""
"270090","Probability","Independent Events (XII-13.2)","A machine operates only when all of its three components function. The probabilities of the failures of the first, second and third component are 0.2, 0.3 and 0.5 respectively. What is the probability that the machine will fail?","0.007","0.72","0.70","0.07",""
"270097","Probability","Independent Events (XII-13.2)","If A and B are two events such that P(A \cup B)=\frac{5}{6}, P(A \cap B)=\frac{1}{3} and P(\bar{B})=\frac{1}{2} , then the events A and B are","Dependent","Mutually exclusive","Independent","Equally likely event",""
"270100","Probability","Independent Events (XII-13.2)","Two numbers are selected at random from integers 1 through 9. If the sum is even, what is the probability that both numbers are odd?","\frac{1}{6}","\frac{5}{8}","\frac{4}{9}","\frac{2}{3}",""
"270118","Probability","Independent Events (XII-13.2)","The probability that an event E occurs in one trial is 0.4. Three independent trials of the experiment are performed. What is the probability that E occurs at least once?","0.924","0.936","0.964","0.784",""
"495440","Probability","Independent Events (XII-13.2)","If A and B are independent events such that P(A) = \frac{1}{5} , P(A \cup B) = \frac{7}{10} , then what is P (\bar{B}) equal to?","\frac{2}{7}","\frac{7}{9}","\frac{3}{7}","\frac{3}{8}",""
"495450","Probability","Independent Events (XII-13.2)","A box contains 3 white and 2 black balls. Two balls are drawn at random one after the other. If the balls are not replaced, what is the probability that both the balls are black?","\frac{2}{5}","\frac{1}{5}","\frac{1}{10}","\frac{3}{5}",""
"495452","Probability","Independent Events (XII-13.2)","It has been found that, if A and B play a game 12 times, A wins 6 times, B wins 4 times and they draw twice. A and B take part in a series of 3 games. The probability that they win alternately, is","\frac{5}{12}","\frac{5}{27}","\frac{19}{27}","\frac{5}{36}",""
"495457","Probability","Independent Events (XII-13.2)","Number X is randomly selected from the set of odd numbers and Y is randomly selected from the set of even numbers of the set {1, 2, 3, 4, 5, 6, 7}. Let Z = (X + Y). What is P (Z = 5) equal to?","\frac{1}{4}","\frac{1}{6}","\frac{1}{3}","\frac{1}{2}",""
"495460","Probability","Independent Events (XII-13.2)","Number X is randomly selected from the set of odd numbers and Y is randomly selected from the set of even numbers of the set {1, 2, 3, 4, 5, 6, 7}. Let Z = (X + Y). What is P (Z = 10) equal to?","\frac{1}{2}","\frac{1}{3}","\frac{1}{5}","0",""
"495461","Probability","Independent Events (XII-13.2)","Number X is randomly selected from the set of odd numbers and Y is randomly selected from the set of even numbers of the set {1, 2, 3, 4, 5, 6, 7}. Let Z = (X + Y). What is P (Z > 11) equal to?","0","\frac{1}{6}","\frac{1}{12}","\frac{1}{4}",""
"495465","Probability","Independent Events (XII-13.2)","Number X is randomly selected from the set of odd numbers and Y is randomly selected from the set of even numbers of the set {1, 2, 3, 4, 5, 6, 7}. Let Z = (X + Y). What is P (Z is the product of two prime numbers) equal to?","\frac{1}{8}","\frac{1}{2}","\frac{1}{4}","0",""
"495483","Probability","Independent Events (XII-13.2)","Two students X and Y appeared in an examination. The probability that X will qualify for the examination is 0.05 and Y will qualify for the examination is 0.10. The probability that both will qualify for the examination is 0.02. What is the probability that only one of them will qualify for the examination?","0.14","0.15","0.12","0.11",""
"495501","Probability","Independent Events (XII-13.2)","Two men hit at a target with probabilities \frac{1}{2} and \frac{1}{3} , respectively. What is the probability that exactly one of them hits the target?","\frac{1}{6}","\frac{2}{3}","\frac{1}{2}","\frac{1}{3}",""
"495525","Probability","Independent Events (XII-13.2)","A problem in Statistics is given to three students A, B and C whose chances of solving it independently are \frac{1}{2}, \frac{1}{3} and \frac{1}{4} , respectively. The probability that the problem will be solved, is","\frac{1}{2}","\frac{11}{12}","\frac{1}{12}","\frac{3}{4}",""
"495527","Probability","Independent Events (XII-13.2)","A bag contains 4 white and 2 black balls and another bag contains 3 white and 5 black balls. If one ball is drawn from each bag, then the probability that one ball is white and one ball is black, is","\frac{1}{4}","\frac{13}{24}","\frac{2}{3}","\frac{5}{24}",""
"495542","Probability","Independent Events (XII-13.2)","An unbiased coin is tossed until the first head appears or until four tosses are completed, whichever happens, earlier. Which of the following statement(s) is/are correct? The probability that no head is observed is \frac{1}{16} . The probability that the experiment ends with three tosses is \frac{1}{8} . Select the correct answer using the code given below.","Neither i nor ii","Only i","Both i and ii","Only ii",""
"495560","Probability","Independent Events (XII-13.2)","Two independent events A and B have P(A) = \frac{1}{3} and P(B) = \frac{3}{4} . What is the probability that exactly one of the two events A or B occurs?","\frac{7}{12}","\frac{5}{12}","\frac{5}{6}","\frac{1}{4}",""
"511655","Probability","Independent Events (XII-13.2)","The probability of India winning a test match against West Indies is \frac {1}{2} . Assuming independence from match to match the probability that in a 5 match series, India's second win occurs at the 3rd test is:","\frac {2}{3}","\frac {1}{8}","\frac {1}{4}","\frac {1}{2}",""
"511678","Probability","Independent Events (XII-13.2)","There are 4 machines and it is known that exactly 2 of them are faulty. They are tested, one by one, in a random order till both the faulty machines are identified. Then the probability that only 2 tests are needed is:","\frac {1}{6}","\frac {1}{2}","\frac {1}{3}","\frac {1}{4}",""
"523759","Probability","Independent Events (XII-13.2)","A six-faced fair dice is thrown until 1 comes, then the probability that 1 comes in even no. of trials is:","\frac 1{6}","\frac 5{6}","\frac 6{11}","\frac 5{11}",""
"523772","Probability","Independent Events (XII-13.2)","Let A, B, C be three mutually independent events. Consider the two statements .S 1 and S 2 S 1 : A and B \cup C are independent S 2 : A and B \cap C are independent Then,","Only S 2 is true","Neither S 1 nor S 2 is true","Only S 1 is true","Both S 1 and S 2 are true",""
"523809","Probability","Independent Events (XII-13.2)","Two fair dice are tossed. Let x be the event that the first die shows an even number and y be the event that the second die shows an odd number. The two events x and y are:","Dependent","Independent and mutually exclusive","Mutually exclusive","None of these",""
"524137","Probability","Independent Events (XII-13.2)","Let A and B be two events such that the probability that exactly one of them occurs \frac{2}{5} is and the probability that A or B occurs is \frac{1}{2} , then the probability of both of them occur together is:","0.02","0.10","0.20","0.01",""
"524571","Probability","Independent Events (XII-13.2)","Let E C denote the complement of an event E. Let E 1 , E 2 and E 3 be any pairwise independent events with P(E 1 ) > 0 and P(E 1 \cap E 2 \cap E 3 ) = 0. Then \mathrm{P}\left(\frac {\mathrm{E}_{2}^{\mathrm{C}} \cap \mathrm{E}_{3}^{{C}} }{ {E}_{1}}\right) is equal to:","\mathrm{P}\left(\mathrm{E}_{3}^{\mathrm{C}}\right)-\mathrm{P}\left(\mathrm{E}_{2}^{\mathrm{C}}\right)","P(E 3 ) - P (\mathrm{E}_{2}^{\mathrm{C}})","P (\mathrm{E}_{2}^{\mathrm{C}}) + P(E 3 )","P\left(E^c{ }_3\right)-P\left(E_2\right)",""
"524599","Probability","Independent Events (XII-13.2)","In a box, there are 20 cards, out of which 10 are labelled as A and the remaining 10 are labelled as B. Cards are drawn at random, one after the other and with replacement, till a second A-card is obtained. The probability that the second A-card appears before the third B-card is:","\frac{11}{16}","\frac{13}{16}","\frac{15}{16}","\frac{9}{16}",""
"524623","Probability","Independent Events (XII-13.2)","Let A and B be two independent events such that P(A)=\frac{1}{3} and P(B)=\frac{1}{6} . Then, which of the following is TRUE?","P\left(\frac {A }{(A \cup B)}\right)=\frac{1}{4}","P\left(\frac A { B^{\prime}}\right)=\frac{1}{3}","P\left(\frac {A^{\prime} }{ B^{\prime}}\right)=\frac{1}{3}","P(\frac A B)=\frac{2}{3}",""
"529400","Probability","Independent Events (XII-13.2)","Events E and F are such that P(E C or F c ) = 0.25, P(E) = \frac{7}{8} and P(F) = \frac{6}{7} , then the events E and F are:","mutually exclusive","exhaustive","nothing can be said","independent",""
"535045","Probability","Independent Events (XII-13.2)","Bag I contains 5 blue and 4 pink balls. Bag II contains 6 blue and 3 pink balls. 1 ball is transferred from bag II to bag I and then a ball is drawn from bag II. The ball so drawn is found to be pink. The probability that the transferred ball is blue, is:","\frac{5}{17}","\frac{12}{17}","\frac{3}{8}","\frac{5}{8}",""
"535527","Probability","Independent Events (XII-13.2)","A bag contains 6 blue and 8 green socks. The probability when two socks pulled out, are of same colour, is:","\frac{28}{91}","\frac{43}{91}","\frac{1}{7}","\frac{15}{91}",""
"535629","Probability","Independent Events (XII-13.2)","A pair of fair dice is thrown independently 4 times. The probability of getting a score of 5 exactly twice is:","\frac{32}{81}","\frac{128}{2187}","\frac{64}{243}","\frac{16}{729}",""
"535694","Probability","Independent Events (XII-13.2)","A problem in Mathematics is given to three students A, B, C and their respective probability of solving the problem are \frac{1}{2}, \frac{1}{3} and \frac{1}{4} . Probabilities that the problem is solved is:","\frac{3}{4}","\frac{2}{3}","\frac{1}{3}","\frac{1}{2}",""
"535712","Probability","Independent Events (XII-13.2)","For any two independent events E 1 and E 2 . P\left\{\left(E_{1} \cup E_{2}\right) \cap\left(\bar{E}_{1} \cap \bar{E}_{2}\right)\right\} is:","<\frac{1}{4}","\ge \frac{1}{2}","<\frac{1}{2}",">\frac{1}{4}",""
"536128","Probability","Independent Events (XII-13.2)","Let E and F be two independent events. The probability that exactly one of them occurs is \frac{11}{25} and the probability of none of them occurring is \frac{2}{25} . If P(T) denotes the probability of occurrence of the event T, then:","P(E) = \frac{6}{5} , P(F) = \frac{1}{5}","P(E) = \frac{4}{5} , P(F) = \frac{3}{5}","P(E) = \frac{2}{5} , P(F) = \frac{1}{5}","P(E) = \frac{1}{5} , P(F) = \frac{2}{5}",""
"536142","Probability","Independent Events (XII-13.2)","A puzzle is given to five students P 1 , P 2 , P 3 , P 4 , and P 5 and their respective probabilities of solving the puzzle are \frac{1}{8}, \frac{1}{5}, \frac{1}{6}, \frac{1}{3}, \frac{1}{4} . The probability that the puzzle is solved is:","\frac{17}{24}","\frac{13}{21}","\frac{19}{21}","\frac{11}{15}",""
"1058386","Probability","Independent Events (XII-13.2)","A bag contains 6 white and 4 black balls. A die is rolled once and the number of balls equal to the number obtained on the die are drawn from the bag at random. The probability that all the balls drawn are white is:","\frac {11}{50}","\frac {9}{50}","\frac 14","\frac 15",""
"1141179","Probability","Independent Events (XII-13.2)","Given two independent events A and B such that P(A) = 0.3, P(B) = 0.6 and P(A' \cap B') is","0.9","0.28","0.18","0.1",""
"1686619","Probability","Independent Events (XII-13.2)","A coin is tossed three times. Let X denote the number of times a tail follows a head. If \mu and \sigma^{2} denote the mean and variance of X , then the value of 64\left(\mu+\sigma^{2}\right) is:","64","32","48","51",""
"1686980","Probability","Independent Events (XII-13.2)","A coin is biased so that the head is 3 times as likely to occur as tail. This coin is tossed until a head or three tails occur. If X denotes the number of tosses of the coin, then the mean of X is:","\frac{15}{16}","\frac{21}{16}","\frac{37}{16}","\frac{81}{64}",""
"1687001","Probability","Independent Events (XII-13.2)","If an unbiased die, marked with -2,-1,0,1 , 2,3 on its faces, is thrown five times, then the probability that the product of the outcomes is positive, is:","\frac{521}{2592}","\frac{27}{288}","\frac{440}{2592}","\frac{881}{2592}",""
"19469","Probability","Bayes' Theorem (XII-13.3)","In a certain town, 40% persons have brown hair, 25% have brown eyes, and 15% have both. If a person selected at random has brown hair, the chance that a person selected at random with brown hair is with brown eyes","\frac{3}{20}","\frac{3}{8}","\frac{1}{3}","\frac{2}{3}",""
"19475","Probability","Bayes' Theorem (XII-13.3)","There are 2 boxes. One box contains 3 white balls and 2 black balls. The other box contains 7 yellow balls and 3 black balls. If a box is selected at random and from it, a ball is drawn, the probability that the ball drawn is black is","\frac{7}{20}","\frac{1}{20}","\frac{1}{5}","\frac{1}{3}",""
"230881","Probability","Bayes' Theorem (XII-13.3)","A computer producing factory has only two plants T 1 and T 2 . Plant T 1 produces 20% and plant T 2 produces 80% of the total computers produced. 7% of computers produced in the factory turn out to be defective. It is known that P(computer turns out to be defective, given that it is produced in plant T 1 ) = 10P (computer turns out to be defective, given that it is produced in plant T 2 ). A computer produced in the factory is randomly selected and it does not turn out to be defective. Then, the probability that it is produced in plant T 2 , is","\frac{36}{73}","\frac{75}{83}","\frac{47}{79}","\frac{78}{93}",""
"230895","Probability","Bayes' Theorem (XII-13.3)","A signal which can be green or red with probability \frac{4}{5} and \frac{1}{5} respectively, is received by station A and then transmitted to station B. The probability of each station receiving the signal correctly is \frac{3}{4} . If the signal received at station B is green, then the probability that the original signal green is","\frac{20}{23}","\frac{3}{5}","\frac{6}{7}","\frac{9}{20}",""
"261480","Probability","Bayes' Theorem (XII-13.3)","Probability that A speaks truth is \frac{4}{5} . A coin is tossed. A reports that a head appears. The probability that actually there was head is","\frac{1}{2}","\frac{1}{5}","\frac{2}{5}","\frac{4}{5}",""
"264869","Probability","Bayes' Theorem (XII-13.3)","A speaks truth in 75% cases and B speaks truth in 80% cases. Probability that they contradict each other in a statement, is","\frac{3}{5}","\frac{2}{5}","\frac{7}{20}","\frac{13}{20}",""
"265004","Probability","Bayes' Theorem (XII-13.3)","A bag X contains 2 white and 3 black balls and another bag Y contains 4 white and 2 black balls. One bag is selected at random and a ball is drawn from it. Then, the probability of the chosen ball to be white is","\frac{14 }{ 15}","\frac8 { 15}","\frac2 {15}","\frac7 { 15}",""
"495481","Probability","Bayes' Theorem (XII-13.3)","There are 4 white and 3 black balls in a box. In another box, there are 3 white and 4 black balls. An unbiased die is rolled. If it shows a number less than or equal to 3, then a ball is drawn from the second box, otherwise from the first box. If the ball drawn is black, then the probability that the ball was drawn from the first box, is","\frac{3}{7}","\frac{1}{2}","\frac{4}{7}","\frac{6}{7}",""
"495535","Probability","Bayes' Theorem (XII-13.3)","An insurance company insured 2000 scooter drivers, 4000 car drivers and 6000 truck drivers. The probabilities of an accident involving a scooter driver, car driver, and truck driver are 0.01, 0.03, and 0.15, respectively. One of the insured persons meets with an accident. The probability that the person is a scooter driver, is","\frac{15}{52}","\frac{1}{52}","\frac{19}{52}","\frac{3}{52}",""
"511502","Probability","Bayes' Theorem (XII-13.3)","One percent of the population suffers from a certain disease. There is a blood test for this disease, and it is 99% accurate, in other words, the probability that it gives the correct answer is 0.99, regardless of whether the person is sick or healthy. A person takes the blood test, and the result says that he has the disease. The probability that he actually has the disease is:","75%","0.99%","50%","25%",""
"511595","Probability","Bayes' Theorem (XII-13.3)","3 cards are given, one of them is red on both sides, one is blue on both sides and one is blue on one side and red on the other side. One of them is chosen randomly and put on the table. It shows red colour on the upper side. The chance of the other side of the card being red is:","\frac{1}{3}","\frac{1}{2}","\frac{3}{4}","\frac{2}{3}",""
"523906","Probability","Bayes' Theorem (XII-13.3)","A box A contains 2 white, 3 red, and 2 black balls. Another box B contains 4 white, 2 red, and 3 black balls. If two balls are drawn at random, without replacement, from a randomly selected box and one ball turns out to be white while the other ball turns out to be red, then the probability that both balls are drawn from box B is:","\frac{9}{16}","\frac{7}{8}","\frac{9}{32}","\frac{7}{16}",""
"535690","Probability","Bayes' Theorem (XII-13.3)","A speaks the truth in 70% cases and B in 80% cases. The probability that they will contradict each other in describing a single event is:","0.56","0.42","0.4","0.38",""
"536143","Probability","Bayes' Theorem (XII-13.3)","A speaks truth in 84% cases and B speaks truth in 96% cases. The probability that both do not contradict each other in a statement is:","\frac{504}{625}","\frac{508}{625}","\frac{4}{625}","\frac{117}{625}",""
"536147","Probability","Bayes' Theorem (XII-13.3)","A letter has come either to NADIA or DIANA. On the envelope just two consecutive letters IA are visible. What is the probability that the letter has come to DIANA?","\frac{1}{2}","\frac{1}{4}","\frac{3}{4}","\frac{1}{8}",""
"536148","Probability","Bayes' Theorem (XII-13.3)","Suppose Amit picks a card from a pack of well-shuffled cards (excluding jokers). If he gets a spade card, he tosses a coin thrice and notes the number of tails. If he gets a card other than spade he tosses the coin twice and notes the number of tails. If he obtains only two tails, what is the probability that he gets a spade?","\frac{1}{4}","\frac{8}{13}","\frac{2}{13}","\frac{1}{3}",""
"536149","Probability","Bayes' Theorem (XII-13.3)","In a bag, blocks with letters A to Z are kept, of which one block is lost. From the remaining blocks, two blocks are drawn and both are found to be consonants. The probability that the lost block was a vowel is:","\frac{5}{24}","\frac{16}{19}","\frac{3}{19}","\frac{19}{24}",""
"1058464","Probability","Bayes' Theorem (XII-13.3)","Suppose that Box-I contains 8 red, 3 blue and 5 green balls, Box-II contains 24 red, 9 blue and 15 green balls, Box-Ill contains 1 blue, 12 green and 3 yellow balls, Box-IV contains 10 green, 16 orange and 6 white balls. A ball is chosen randomly from Box-I; call this ball b. If b is red then a ball is chosen randomly from Box-II, if b is blue then a ball is chosen randomly from Box-Ill, and if b is green then a ball is chosen randomly from Box-IV. The conditional probability of the event one of the chosen balls is white given that the event at least one of the chosen balls is green has happened, is equal to","\frac 18","\frac {3}{16}","\frac {5}{52}","\frac {15}{256}",""
"1059328","Probability","Bayes' Theorem (XII-13.3)","In a bolt factory, machines A, B and C manufacture respectively 20%, 30% and 50% of the total bolts. Of their output 3, 4 and 2 percent are respectively defective bolts. A bolt is drawn at random from the product. If the bolt drawn is found the defective, then the probability that it is manufactured by the machine C is","\frac{9}{28}","\frac{5}{14}","\frac37","\frac27",""
"1059450","Probability","Bayes' Theorem (XII-13.3)","Bag I contains 3 red, 4 black and 3 white balls and Bag II contains 2 red, 5 black and 2 white balls. One ball is transferred from Bag I to Bag II and then a ball is draw from Bag II. The ball so drawn is found to be black in colour. Then the probability, that the transferred ball is red, is:","\frac16","\frac49","\frac{3}{10}","\frac{5}{18}",""
"1059646","Probability","Bayes' Theorem (XII-13.3)","Bag A contains 2 white, 1 black and 3 red balls and bag B contains 3 black, 2 red and n white balls. One bag is chosen at random and 2 balls drawn from it at random, are found to be 1 red and 1 black. If the probability that both balls come from Bag A is \frac{6}{11} , then n is equal to","13","3","6","4",""
"1141185","Probability","Bayes' Theorem (XII-13.3)","Method in which the previously calculated probability are revised with the values of new probability is known as:","Addition Theorem","Bayes' Theorem","Convension Theorem","Updation Theorem",""
"1141191","Probability","Bayes' Theorem (XII-13.3)","Which of the formula is related to Bayes' theorem?","P\left(\frac{A}{B}\right)=\frac{P\left(\frac{B}{A}\right)}{P(B)}","P\left(\frac{A}{B}\right)=\frac{1}{P(B)}","P\left(\frac{A}{B}\right)=\frac{P(A)}{P(B)}","P\left(\frac{A}{B}\right)=\frac{P\left(\frac{B}{A}\right) \cdot P(A)}{P(B)}",""
"1141197","Probability","Bayes' Theorem (XII-13.3)","In Bayes' theorem, previous probabilities are change with new available probabilities or information, are known as:","Interior probabilities","Dependent probabilities","Posterior probabilities","Independent probabilities",""
"1686388","Probability","Bayes' Theorem (XII-13.3)","Let A and B be independent events such that {P}({A})=p, {P}({B})=2 p . The largest value of p , for which P (exactly one of A, B occurs) = \frac{5}{9} , is:","\frac{1}{3}","\frac{5}{12}","\frac{1}{4}","\frac{2}{9}",""
"1686581","Probability","Bayes' Theorem (XII-13.3)","Two balls are selected at random one by one without replacement from a bag containing four white and six black balls. If the probability that the first selected ball is black, given that the second selected ball is also black, is \frac{m}{n} , where \operatorname{gcd}(m, n)=1 , then m+n is equal to:","13","11","4","14",""
"261535","Probability","Miscellaneous Exercise (XII-13)","If A and B are two events such that P(A) \ne 0 and P(B|A) = 1, then","B \subset A","A = \phi","B = \phi","A \subset B",""
"261536","Probability","Miscellaneous Exercise (XII-13)","If P(A|B) > P(A), then which of the following is correct :","P(A \cap B) < P(A).P(B)","P(B|A) < P(B)","P(B|A) > P(B)","P(B|A) = P(B)",""
"261537","Probability","Miscellaneous Exercise (XII-13)","If A and B are any two events such that P(A) + P(B) - P(A and B) = P(A), then","P(A|B) = 0","P(A|B) = 1","P(B|A) = 0","P(B|A) = 1",""